Flow Duration,Total Fwd Packets,Total Backward Packets,Total Length of Fwd Packets,Total Length of Bwd Packets,Fwd Packet Length Max,Fwd Packet Length Min,Fwd Packet Length Mean,Fwd Packet Length Std,Bwd Packet Length Max,Bwd Packet Length Min,Bwd Packet Length Mean,Bwd Packet Length Std,Flow Bytes/s,Flow Packets/s,Flow IAT Mean,Flow IAT Std,Flow IAT Max,Flow IAT Min,Fwd IAT Total,Fwd IAT Mean,Fwd IAT Std,Fwd IAT Max,Fwd IAT Min,Bwd IAT Total,Bwd IAT Mean,Bwd IAT Std,Bwd IAT Max,Bwd IAT Min,Fwd PSH Flags,Bwd PSH Flags,Fwd URG Flags,Bwd URG Flags,Fwd Header Length,Bwd Header Length,Fwd Packets/s,Bwd Packets/s,Min Packet Length,Max Packet Length,Packet Length Mean,Packet Length Std,Packet Length Variance,FIN Flag Count,SYN Flag Count,RST Flag Count,PSH Flag Count,ACK Flag Count,URG Flag Count,CWE Flag Count,ECE Flag Count,Down/Up Ratio,Average Packet Size,Avg Fwd Segment Size,Avg Bwd Segment Size,Fwd Header Length.1,Fwd Avg Bytes/Bulk,Fwd Avg Packets/Bulk,Fwd Avg Bulk Rate,Bwd Avg Bytes/Bulk,Bwd Avg Packets/Bulk,Bwd Avg Bulk Rate,Subflow Fwd Packets,Subflow Fwd Bytes,Subflow Bwd Packets,Subflow Bwd Bytes,Init_Win_bytes_forward,Init_Win_bytes_backward,act_data_pkt_fwd,min_seg_size_forward,Active Mean,Active Std,Active Max,Active Min,Idle Mean,Idle Std,Idle Max,Idle Min,Prediction,Confidence
0.1026845183780753,0.0028864193967383,0.0032398501569302,0.0007061836426375,0.0001276744186046,0.0273972602739726,0.0,0.0162234085183421,0.0198854969530978,0.0839064649243466,0.0,0.022171426725252,0.032899344135188,0.0,0.0,0.0019912963798319,0.0077855757094017,0.0187213781512605,1.5126050165948737e-07,0.0875,0.0044082319327731,0.0110690984028776,0.0192999411764705,3.773109211990679e-06,0.1025,0.0033402217403361,0.0101647451748071,0.0187213781512605,4.11764705882353e-07,0.0,0.0,0.0,0.0,0.0044463043364544,0.0052239410383089,5.680830493333333e-07,1.298475541e-06,0.0,0.0417808219178082,0.0427767508962638,0.0402721053931682,0.0016199861022522,0.0,0.0,0.0,1.0,0.0,0.0,0.0,0.0,0.1428571428571428,0.0420809677073865,0.0162234085183421,0.022171426725252,0.0044463043364544,0.0,0.0,0.0,0.0,0.0,0.0,0.0028864193967383,0.0007061836426375,0.0032398501569302,0.0001278779110218,0.4455718994140625,0.003936767578125,0.0026693360026693,0.5333333333333333,0.0,0.0,0.0,0.0,0.0,0.0,0.0,0.0,BruteForce,0.9306709
2.0750000345833338e-06,0.0001443209698369,0.000101245317404,4.88466946488446e-06,0.0,0.0005993150684931,0.0,0.0011782811522825,0.0014042894480964,0.0,0.0,0.0,0.0,0.0,0.0,1.046218487394958e-06,4.748580338217338e-07,1.277310924369748e-06,8.319327591271805e-07,2.075e-06,2.092436974789916e-06,0.0,2.092436974789916e-06,2.100840318480333e-06,0.0,0.0,0.0,0.0,0.0,1.0,0.0,0.0,0.0,0.0004184757022545,0.000101239167409,0.0026773761713333,0.0020080321285,0.0,0.0005993150684931,0.0033905665421826,0.0017164834147393,2.9429429427927927e-06,0.0,1.0,0.0,0.0,1.0,0.0,0.0,0.0,0.0,0.0043648672728306,0.0011782811522825,0.0,0.0004184757022545,0.0,0.0,0.0,0.0,0.0,0.0,0.0001443209698369,4.88466946488446e-06,0.000101245317404,0.0,0.003509521484375,1.52587890625e-05,0.0,0.5333333333333333,0.0,0.0,0.0,0.0,0.0,0.0,0.0,0.0,BruteForce,0.9308413
0.9999598499993309,0.2623755231635156,0.1839627417231953,0.1706787248221457,0.0005070697674418,0.0544092465753424,0.0030257186081694,0.0452679091462206,0.0376837799626134,0.0005158184319119,0.0041436464088397,0.0015507883173946,0.0,0.0,0.0,0.0002774038121848,0.0071212711306471,0.2789915966386554,4.2016806016524265e-08,1.0,0.0005546550368907,0.0098830210455635,0.2798319327731092,7.731092372007627e-07,1.0,0.0005551881963865,0.0105910559010282,0.2789915966386554,4e-06,0.0,0.0,0.0,0.0,0.2378772820003138,0.1839515671823114,5.05298074e-06,7.57113744e-06,0.004524886877828,0.0544092465753424,0.0666010135283004,0.0486915264115946,0.0023681510378378,0.0,0.0,0.0,0.0,1.0,0.0,0.0,0.0,0.0,0.0643221123348907,0.0452679091462206,0.0015507883173946,0.2378772820003138,0.0,0.0,0.0,0.0,0.0,0.0,0.2623755231635156,0.1706787248221457,0.1839627417231953,0.0005078779548124,0.0502777099609375,0.0502777099609375,0.3033033033033033,0.3333333333333333,0.05863632333,0.1717364614942528,0.09355307,0.00809115,0.1235294117647058,0.2346938775510204,0.2789915966386554,0.0429261596638655,Infiltration,0.98260236
6.500000108333335e-07,0.0,0.000101245317404,0.0,0.0,0.0,0.0,0.0,0.0,0.0,0.0,0.0,0.0,0.0,0.0,6.554621848739496e-07,0.0,6.554621848739496e-07,6.722688962643882e-07,0.0,0.0,0.0,0.0,8.403361273921333e-09,0.0,0.0,0.0,0.0,0.0,0.0,0.0,0.0,0.0,0.0002092378511272,0.0001619826678545,0.0042735042733333,0.00641025641,0.0,0.0,0.0,0.0,0.0,0.0,0.0,0.0,0.0,1.0,1.0,0.0,0.0,0.1428571428571428,0.0,0.0,0.0,0.0002092378511272,0.0,0.0,0.0,0.0,0.0,0.0,0.0,0.0,0.000101245317404,0.0,0.00396728515625,0.0037841796875,0.0,0.5333333333333333,0.0,0.0,0.0,0.0,0.0,0.0,0.0,0.0,BruteForce,0.9076839
0.0637582843959714,0.0005772838793476,0.0,1.0467148853323844e-05,0.0,0.0002568493150684,0.0030257186081694,0.001009955273385,0.0,0.0,0.0,0.0,0.0,0.0,0.0,0.0160735168067226,0.0467012254212454,0.0642856638655462,2.5210083609914566e-08,0.0637582833333333,0.0160735168067226,0.045861275323741,0.0642856638655462,1.6806722547842666e-08,0.0,0.0,0.0,0.0,0.0,0.0,0.0,0.0,0.0,0.0006538682847727,0.0,2.178366193333333e-07,0.0,0.004524886877828,0.0002568493150684,0.0029061998932994,0.0,0.0,0.0,0.0,0.0,0.0,1.0,0.0,0.0,0.0,0.0,0.0033671833248753,0.001009955273385,0.0,0.0006538682847727,0.0,0.0,0.0,0.0,0.0,0.0,0.0005772838793476,1.0467148853323844e-05,0.0,0.0,0.0039215087890625,0.0,0.0006673340006673,0.3333333333333333,1e-05,0.0,1e-05,1e-05,0.0642856638655462,0.0,0.0642856638655462,0.0642856638655462,DoS,0.9521716
3.666666727777779e-07,0.0,0.000101245317404,0.0,2.790697674418605e-07,0.0,0.0,0.0,0.0,0.0005158184319119,0.0041436464088397,0.0015507883173946,0.0,0.0,0.0,3.6974789915966395e-07,0.0,3.6974789915966395e-07,3.865546153520233e-07,0.0,0.0,0.0,0.0,8.403361273921333e-09,0.0,0.0,0.0,0.0,0.0,0.0,0.0,0.0,0.0,0.000261547313909,0.000101239167409,0.0075757575766666,0.011363636365,0.0,0.0002568493150684,0.0009687332977664,0.0007356357491133,5.405405405405406e-07,0.0,0.0,0.0,1.0,0.0,0.0,0.0,0.0,0.1428571428571428,0.0014029930520313,0.0,0.0015507883173946,0.000261547313909,0.0,0.0,0.0,0.0,0.0,0.0,0.0,0.0,0.000101245317404,2.795145596106027e-07,0.4455718994140625,1.52587890625e-05,0.0,0.6666666666666666,0.0,0.0,0.0,0.0,0.0,0.0,0.0,0.0,PortScan,0.9484181
0.0004023583400393,0.0,0.000101245317404,1.7096343127095612e-05,6.372093023255814e-06,0.002097602739726,0.0247100353000504,0.0082479680659777,0.0,0.0117778541953232,0.0946132596685082,0.0354096665805117,0.0,0.0,0.0,0.0004057394957983,0.0,0.0004057394957983,0.0004057562957015,0.0,0.0,0.0,0.0,8.403361273921333e-09,0.0,0.0,0.0,0.0,0.0,0.0,0.0,0.0,0.0,0.0002092378511272,0.0001619826678545,6.903741136666666e-06,1.0355611705e-05,0.0369532428355957,0.0058647260273972,0.037942054160906,0.010789324321037,0.0001162762762612,0.0,0.0,0.0,0.0,0.0,0.0,0.0,0.0,0.1428571428571428,0.0549505612045631,0.0082479680659777,0.0354096665805117,0.0002092378511272,0.0,0.0,0.0,0.0,0.0,0.0,0.0,1.7096343127095612e-05,0.000101245317404,6.382249111108761e-06,0.0,0.0,0.0,0.5333333333333333,0.0,0.0,0.0,0.0,0.0,0.0,0.0,0.0,BENIGN,0.96479964
5.000000083333335e-08,0.0,0.000101245317404,0.0,2.790697674418605e-07,0.0,0.0,0.0,0.0,0.0005158184319119,0.0041436464088397,0.0015507883173946,0.0,0.0,0.0,5.042016806722689e-08,0.0,5.042016806722689e-08,6.722688962643882e-08,0.0,0.0,0.0,0.0,8.403361273921333e-09,0.0,0.0,0.0,0.0,0.0,0.0,0.0,0.0,0.0,0.000261547313909,0.000101239167409,0.0555555555666666,0.08333333335,0.0,0.0002568493150684,0.0009687332977664,0.0007356357491133,5.405405405405406e-07,0.0,0.0,0.0,1.0,0.0,0.0,0.0,0.0,0.1428571428571428,0.0014029930520313,0.0,0.0015507883173946,0.000261547313909,0.0,0.0,0.0,0.0,0.0,0.0,0.0,0.0,0.000101245317404,2.795145596106027e-07,0.4455718994140625,1.52587890625e-05,0.0,0.6666666666666666,0.0,0.0,0.0,0.0,0.0,0.0,0.0,0.0,PortScan,0.9484181
3.33333338888889e-08,0.0001443209698369,0.0,0.0,0.0,0.0,0.0,0.0,0.0,0.0,0.0,0.0,0.0,0.0,0.0,3.3613445378151266e-08,0.0,3.3613445378151266e-08,5.042016721982913e-08,3.3333333333333334e-08,3.3613445378151266e-08,0.0,3.3613445378151266e-08,4.2016806369606674e-08,0.0,0.0,0.0,0.0,0.0,0.0,0.0,0.0,0.0,0.0004184757022545,0.0,0.1666666666666666,0.0,0.0,0.0,0.0,0.0,0.0,0.0,0.0,0.0,0.0,1.0,0.0,0.0,0.0,0.0,0.0,0.0,0.0,0.0004184757022545,0.0,0.0,0.0,0.0,0.0,0.0,0.0001443209698369,0.0,0.0,0.0,0.0041961669921875,0.0,0.0,0.5333333333333333,0.0,0.0,0.0,0.0,0.0,0.0,0.0,0.0,DoS,0.9391954
0.0469877257831287,0.0002886419396738,0.000101245317404,0.0,0.0,0.0,0.0,0.0,0.0,0.0,0.0,0.0,0.0,0.0,0.0,0.0157941932773109,0.0397406263980464,0.047376294117647,1.2436974580891184e-06,0.046987725,0.0236912899159663,0.0477935593045563,0.047376294117647,6.29411759416708e-06,0.0,0.0,0.0,0.0,0.0,0.0,0.0,0.0,0.0,0.0006800230161636,0.0002024783348181,1.7735128333333338e-07,8.86756415e-08,0.0,0.0,0.0,0.0,0.0,0.0,0.0,0.0,1.0,0.0,0.0,0.0,0.0,0.0,0.0,0.0,0.0,0.0006800230161636,0.0,0.0,0.0,0.0,0.0,0.0,0.0002886419396738,0.0,0.000101245317404,0.0,0.4455718994140625,0.4419097900390625,0.0,0.5333333333333333,0.0,0.0,0.0,0.0,0.0,0.0,0.0,0.0,WebAttack,0.9755374
2.666666711111112e-07,0.0,0.000101245317404,0.0,2.790697674418605e-07,0.0,0.0,0.0,0.0,0.0005158184319119,0.0041436464088397,0.0015507883173946,0.0,0.0,0.0,2.689075630252101e-07,0.0,2.689075630252101e-07,2.85714280912365e-07,0.0,0.0,0.0,0.0,8.403361273921333e-09,0.0,0.0,0.0,0.0,0.0,0.0,0.0,0.0,0.0,0.000261547313909,0.000101239167409,0.0104166666666666,0.015625,0.0,0.0002568493150684,0.0009687332977664,0.0007356357491133,5.405405405405406e-07,0.0,0.0,0.0,1.0,0.0,0.0,0.0,0.0,0.1428571428571428,0.0014029930520313,0.0,0.0015507883173946,0.000261547313909,0.0,0.0,0.0,0.0,0.0,0.0,0.0,0.0,0.000101245317404,2.795145596106027e-07,0.4455718994140625,1.52587890625e-05,0.0,0.6666666666666666,0.0,0.0,0.0,0.0,0.0,0.0,0.0,0.0,PortScan,0.9484181
0.099518384991973,0.0030307403665752,0.0033410954743343,0.0007006011632491,0.0001276744186046,0.0273972602739726,0.0,0.015363562037095,0.0196017795271662,0.0839064649243466,0.0,0.0214995653088653,0.0324579503090505,0.0,0.0,0.0018584198571428,0.0074398791733821,0.0188538235294117,1.7647058526940192e-07,0.0858333333333333,0.0041201028411764,0.0106007304928057,0.019325,3.815126018360286e-06,0.0991666666666666,0.0031360724789915,0.0097588754755784,0.0188538235294117,1.596638655462185e-07,0.0,0.0,0.0,0.0,0.0046555421875817,0.0053859237061634,6.140685676666667e-07,1.3816542775e-06,0.0,0.0417808219178082,0.0411106193239651,0.0396772223046521,0.0015724800369369,0.0,0.0,0.0,1.0,0.0,0.0,0.0,0.0,0.1428571428571428,0.0404147028875487,0.015363562037095,0.0214995653088653,0.0046555421875817,0.0,0.0,0.0,0.0,0.0,0.0,0.0030307403665752,0.0007006011632491,0.0033410954743343,0.0001278779110218,0.4455718994140625,0.0037841796875,0.0026693360026693,0.5333333333333333,0.0,0.0,0.0,0.0,0.0,0.0,0.0,0.0,BruteForce,0.9596127
2.5000000416666676e-08,0.0001443209698369,0.0,0.0,0.0,0.0,0.0,0.0,0.0,0.0,0.0,0.0,0.0,0.0,0.0,2.521008403361345e-08,0.0,2.521008403361345e-08,4.2016806016524265e-08,2.5e-08,2.521008403361345e-08,0.0,2.521008403361345e-08,3.361344509568533e-08,0.0,0.0,0.0,0.0,0.0,0.0,0.0,0.0,0.0,0.0004184757022545,0.0,0.2222222222333333,0.0,0.0,0.0,0.0,0.0,0.0,0.0,0.0,0.0,0.0,1.0,0.0,0.0,0.0,0.0,0.0,0.0,0.0,0.0004184757022545,0.0,0.0,0.0,0.0,0.0,0.0,0.0001443209698369,0.0,0.0,0.0,0.00384521484375,0.0,0.0,0.5333333333333333,0.0,0.0,0.0,0.0,0.0,0.0,0.0,0.0,DoS,0.9391954
0.0336876505614608,0.0001443209698369,0.000101245317404,3.52394011395236e-05,2.790697674418605e-07,0.0040667808219178,0.0030257186081694,0.008500456884324,0.0089272686346008,0.0005158184319119,0.0041436464088397,0.0015507883173946,0.0,0.0,0.0,0.0169853697478991,0.0348928964102564,0.0339662016806722,4.554621772191231e-06,0.03368315,0.0339662016806722,0.0,0.0339662016806722,0.0339662097986032,0.0,0.0,0.0,0.0,0.0,0.0,0.0,0.0,0.0,0.000261547313909,0.000101239167409,1.6491371633333334e-07,1.2368528699999994e-07,0.004524886877828,0.0040667808219178,0.0136833578309515,0.0094500088258941,8.920045045045044e-05,0.0,0.0,0.0,0.0,1.0,0.0,0.0,0.0,0.0,0.0176153572103975,0.008500456884324,0.0015507883173946,0.000261547313909,0.0,0.0,0.0,0.0,0.0,0.0,0.0001443209698369,3.52394011395236e-05,0.000101245317404,2.795145596106027e-07,0.00390625,1.52587890625e-05,0.0001668335001668,0.3333333333333333,0.0,0.0,0.0,0.0,0.0,0.0,0.0,0.0,Infiltration,0.9597112
0.697609103293485,0.0010102467888584,0.0006074719044244,0.0001095561579981,0.0005393023255813,0.0134417808219178,0.0,0.0066067907467271,0.0157481030893259,0.4979367262723521,0.0,0.4994830705608684,0.3257970665420179,0.0,0.0,0.0541131809915966,0.2832722832722832,0.7025210084033613,2.5210083609914566e-08,0.6966666666666667,0.1,0.3788968824940047,0.7025210084033613,1.6806722547842666e-08,0.0012364333333333,0.0002493647058823,0.0007742261937017,0.0011520588235294,3.865546218487395e-07,0.0,0.0,0.0,0.0,0.0017262122717999,0.0010123916740908,3.1854834666666674e-08,3.5836688999999995e-08,0.0,0.247945205479452,0.3845548280872231,0.3444596180652451,0.1185166181981982,0.0,0.0,0.0,0.0,1.0,0.0,0.0,0.0,0.0,0.3978153394238128,0.0066067907467271,0.4994830705608684,0.0017262122717999,0.0,0.0,0.0,0.0,0.0,0.0,0.0010102467888584,0.0001095561579981,0.0006074719044244,0.0005401618864474,0.0041961669921875,0.00360107421875,0.0001668335001668,0.5333333333333333,9.88e-06,0.0,9.88e-06,9.88e-06,0.7025210084033613,0.0,0.7025210084033613,0.7025210084033613,DoS,0.96130955
7.750000129166669e-07,0.0,0.000101245317404,6.978099235549228e-07,2.790697674418605e-07,8.561643835616438e-05,0.0010085728693898,0.000336651757795,0.0,0.0005158184319119,0.0041436464088397,0.0015507883173946,0.0,0.0,0.0,7.815126050420168e-07,0.0,7.815126050420168e-07,7.983193143139611e-07,0.0,0.0,0.0,0.0,8.403361273921333e-09,0.0,0.0,0.0,0.0,0.0,0.0,0.0,0.0,0.0,0.0001569283883454,0.000101239167409,0.0035842293899999,0.005376344085,0.0015082956259426,0.0002568493150684,0.001614555496116,0.000490423832813,2.402402402252252e-07,0.0,0.0,0.0,1.0,0.0,0.0,0.0,0.0,0.1428571428571428,0.0023383217533856,0.000336651757795,0.0015507883173946,0.0001569283883454,0.0,0.0,0.0,0.0,0.0,0.0,0.0,6.978099235549228e-07,0.000101245317404,2.795145596106027e-07,0.0156402587890625,1.52587890625e-05,0.0,0.4,0.0,0.0,0.0,0.0,0.0,0.0,0.0,0.0,PortScan,0.9452072
0.0421959757032662,0.0002886419396738,0.000101245317404,0.0,0.0,0.0,0.0,0.0,0.0,0.0,0.0,0.0,0.0,0.0,0.0,0.0141835210084033,0.0356856608180708,0.0425431176470588,1.151260484852765e-06,0.042195975,0.021275281512605,0.0429159977697841,0.0425431176470588,7.453781449968223e-06,0.0,0.0,0.0,0.0,0.0,0.0,0.0,0.0,0.0,0.0006800230161636,0.0002024783348181,1.9749119033333333e-07,9.8745595e-08,0.0,0.0,0.0,0.0,0.0,0.0,0.0,0.0,1.0,0.0,0.0,0.0,0.0,0.0,0.0,0.0,0.0,0.0006800230161636,0.0,0.0,0.0,0.0,0.0,0.0,0.0002886419396738,0.0,0.000101245317404,0.0,0.4455718994140625,0.4419097900390625,0.0,0.5333333333333333,0.0,0.0,0.0,0.0,0.0,0.0,0.0,0.0,WebAttack,0.9755374
0.0434760507246008,0.0002886419396738,0.000101245317404,0.0,0.0,0.0,0.0,0.0,0.0,0.0,0.0,0.0,0.0,0.0,0.0,0.0146137983193277,0.0367686684004884,0.0438340672268907,1.0756302340230212e-06,0.04347605,0.0219206974789915,0.0442186088609112,0.0438340672268907,7.336134392133324e-06,0.0,0.0,0.0,0.0,0.0,0.0,0.0,0.0,0.0,0.0006800230161636,0.0002024783348181,1.9167641333333334e-07,9.58382065e-08,0.0,0.0,0.0,0.0,0.0,0.0,0.0,0.0,1.0,0.0,0.0,0.0,0.0,0.0,0.0,0.0,0.0,0.0006800230161636,0.0,0.0,0.0,0.0,0.0,0.0,0.0002886419396738,0.0,0.000101245317404,0.0,0.4455718994140625,0.4419097900390625,0.0,0.5333333333333333,0.0,0.0,0.0,0.0,0.0,0.0,0.0,0.0,WebAttack,0.9755374
0.9826919997115332,0.0063501226728243,0.0040498126961628,0.0054966487678421,1.1162790697674418e-05,0.0625,0.0030257186081694,0.0589290199163437,0.0717208653322848,0.0005158184319119,0.0041436464088397,0.0015507883173946,0.0,0.0,0.0,0.011797022605042,0.1257631257631257,0.7798319327731092,2.5210083609914566e-08,0.9833333333333332,0.0225214908319327,0.1702637889688249,0.7798319327731092,1.6806722547842666e-08,0.9833333333333332,0.0254089030420168,0.1940874035989717,0.7798319327731092,8.403361344537815e-09,1.0,0.0,0.0,0.0,0.0058848145629544,0.0040495666963634,1.2720160766666666e-07,1.696021435e-07,0.004524886877828,0.0625,0.090283690465679,0.0854968352896235,0.0073013421081081,0.0,1.0,0.0,0.0,1.0,0.0,0.0,0.0,0.0,0.0881959946069209,0.0589290199163437,0.0015507883173946,0.0058848145629544,0.0,0.0,0.0,0.0,0.0,0.0,0.0063501226728243,0.0054966487678421,0.0040498126961628,1.1180582384424107e-05,0.00390625,0.0221710205078125,0.0073406740073406,0.3333333333333333,0.029829535,0.114466472835249,0.05095488,0.00870419,0.4680672268907563,0.7653061224489796,0.7798319327731092,0.1563025210084033,Infiltration,0.98161936
1.4583333576388893e-06,0.0001443209698369,0.0002024906348081,3.140144655997153e-05,6.790697674418604e-06,0.0019263698630136,0.0226928895612708,0.0075746645503877,0.0,0.0062757909215955,0.0504143646408839,0.0188679245283018,0.0,0.0,0.0,4.901960784033614e-07,7.423379489621489e-07,1.042016806722689e-06,5.042016721982913e-08,3.3333333333333334e-08,3.3613445378151266e-08,0.0,3.3613445378151266e-08,4.2016806369606674e-08,3.916666666666667e-07,3.9495798319327733e-07,0.0,3.9495798319327733e-07,3.9495798319327733e-07,0.0,0.0,0.0,0.0,0.000261547313909,0.0002024783348181,0.00380952381,0.005714285715,0.0339366515837104,0.003125,0.0272214056672382,0.0032567982937181,1.0594594594594592e-05,0.0,0.0,0.0,0.0,0.0,0.0,0.0,0.0,0.1428571428571428,0.0328534206350686,0.0075746645503877,0.0188679245283018,0.000261547313909,0.0,0.0,0.0,0.0,0.0,0.0,0.0001443209698369,3.140144655997153e-05,0.0002024906348081,6.801520950524665e-06,0.0,0.0,0.0001668335001668,0.3333333333333333,0.0,0.0,0.0,0.0,0.0,0.0,0.0,0.0,BENIGN,0.9649122
0.0815487846924797,0.0004329629095107,0.0004049812696162,0.0001336306003607,1.7209302325581396e-05,0.0163955479452054,0.0,0.0161172029044361,0.0271651666091927,0.0318088033012379,0.0,0.0239079865598345,0.0276351357837331,0.0,0.0,0.0117477238907563,0.0291510557020757,0.0420339831932773,9.327730935668388e-07,0.0398650833333333,0.0134000280084033,0.0330898518225419,0.0401783445378151,6.092436923592967e-06,0.081547875,0.027411050420168,0.0363242663881748,0.0420385798319327,9.96638655462185e-06,0.0,0.0,0.0,0.0,0.0008892608672908,0.0006884263383817,1.36251096e-07,2.04376644e-07,0.0,0.0163955479452054,0.0405253429581791,0.0352629102064848,0.0012420495495495,0.0,0.0,0.0,1.0,0.0,0.0,0.0,0.0,0.1428571428571428,0.0440189070074851,0.0161172029044361,0.0239079865598345,0.0008892608672908,0.0,0.0,0.0,0.0,0.0,0.0,0.0004329629095107,0.0001336306003607,0.0004049812696162,1.7236731175987167e-05,0.4455718994140625,0.00360107421875,0.0001668335001668,0.5333333333333333,0.0,0.0,0.0,0.0,0.0,0.0,0.0,0.0,WebAttack,0.9192815
3.666666727777779e-07,0.0,0.000101245317404,6.978099235549228e-07,2.790697674418605e-07,8.561643835616438e-05,0.0010085728693898,0.000336651757795,0.0,0.0005158184319119,0.0041436464088397,0.0015507883173946,0.0,0.0,0.0,3.6974789915966395e-07,0.0,3.6974789915966395e-07,3.865546153520233e-07,0.0,0.0,0.0,0.0,8.403361273921333e-09,0.0,0.0,0.0,0.0,0.0,0.0,0.0,0.0,0.0,0.0001569283883454,0.000101239167409,0.0075757575766666,0.011363636365,0.0015082956259426,0.0002568493150684,0.001614555496116,0.000490423832813,2.402402402252252e-07,0.0,0.0,0.0,1.0,0.0,0.0,0.0,0.0,0.1428571428571428,0.0023383217533856,0.000336651757795,0.0015507883173946,0.0001569283883454,0.0,0.0,0.0,0.0,0.0,0.0,0.0,6.978099235549228e-07,0.000101245317404,2.795145596106027e-07,0.0156402587890625,1.52587890625e-05,0.0,0.4,0.0,0.0,0.0,0.0,0.0,0.0,0.0,0.0,PortScan,0.9455427
0.0002588750043145,0.0001443209698369,0.0002024906348081,2.44233473244223e-05,4.744186046511628e-06,0.0014982876712328,0.0176500252143217,0.0058914057614127,0.0,0.0043844566712517,0.0352209944751381,0.0131817006978547,0.0,0.0,0.0,8.701680672268908e-05,0.0002189278383394,0.000261,4.2016806016524265e-08,2.5e-08,2.521008403361345e-08,0.0,2.521008403361345e-08,3.361344509568533e-08,2.5e-08,2.521008403361345e-08,0.0,2.521008403361345e-08,2.521008403361345e-08,0.0,0.0,0.0,0.0,0.000261547313909,0.0002024783348181,2.146037877666667e-05,3.2190568165e-05,0.0263951734539969,0.0021832191780821,0.0200527792637662,0.0018610275964103,3.459459459459459e-06,0.0,0.0,0.0,0.0,0.0,0.0,0.0,0.0,0.1428571428571428,0.0242016301475416,0.0058914057614127,0.0131817006978547,0.000261547313909,0.0,0.0,0.0,0.0,0.0,0.0,0.0001443209698369,2.44233473244223e-05,0.0002024906348081,4.751747513380245e-06,0.0,0.0,0.0001668335001668,0.3333333333333333,0.0,0.0,0.0,0.0,0.0,0.0,0.0,0.0,BENIGN,0.9648355
0.8326077222101287,0.0036080242459229,0.0026323782525058,0.0023285917149027,7.255813953488372e-06,0.0498287671232876,0.0030257186081694,0.0432079582998314,0.0519217150245377,0.0005158184319119,0.0041436464088397,0.0015507883173946,0.0,0.0,0.0,0.016462831605042,0.1054805531868131,0.4621848739495798,2.85714280912365e-07,0.8325,0.0335840631932773,0.145083932853717,0.4621848739495798,4.310924333521644e-06,0.8325,0.0335840285714285,0.1555269922879177,0.4621848739495798,4.621848739495798e-06,1.0,0.0,0.0,0.0,0.0034001150808181,0.0026322183526362,8.674219733333332e-08,1.3011329599999998e-07,0.004524886877828,0.0498287671232876,0.0629676643548214,0.060145756902153,0.0036133714481981,0.0,1.0,0.0,0.0,1.0,0.0,0.0,0.0,0.1428571428571428,0.0619655264647201,0.0432079582998314,0.0015507883173946,0.0034001150808181,0.0,0.0,0.0,0.0,0.0,0.0,0.0036080242459229,0.0023285917149027,0.0026323782525058,7.267378549875669e-06,0.00390625,0.0221710205078125,0.0041708375041708,0.3333333333333333,0.0063122566669999,0.0036185047597701,0.00740279,0.00576642,0.2731092436974789,0.2842565597667638,0.4621848739495798,0.1756302521008403,Infiltration,0.98441005
0.0005404916756748,0.0004329629095107,0.0003037359522122,7.222332708793451e-05,6.232558139534884e-06,0.008347602739726,0.0,0.0087108642329459,0.0135530598951194,0.0110041265474552,0.0,0.0115447574747996,0.0107898191791105,0.0,0.0,9.083893554621848e-05,0.0003083356455433,0.0005239579831932,3.44537809335499e-07,0.0005404916666666,0.0001816778711764,0.0004409073776978,0.0005384705882352,3.3613445095685334e-07,0.0005268916666666,0.0002656596638655,0.0005587325111825,0.0005239579831932,7.361344537815126e-06,0.0,0.0,0.0,0.0,0.0006015588219908,0.0003644610026727,2.055741429e-05,2.3127091075e-05,0.0,0.008347602739726,0.0206461284086481,0.0160492507222744,0.0002572836229279,0.0,0.0,0.0,1.0,0.0,0.0,0.0,0.0,0.0,0.0227819347952674,0.0087108642329459,0.0115447574747996,0.0006015588219908,0.0,0.0,0.0,0.0,0.0,0.0,0.0004329629095107,7.222332708793451e-05,0.0003037359522122,6.242491831303459e-06,0.1250152587890625,0.003631591796875,0.0005005005005005,0.3333333333333333,0.0,0.0,0.0,0.0,0.0,0.0,0.0,0.0,Bot,0.9778897
0.0021329500355491,0.003463703276086,0.0037460767439505,0.0006248887865434,0.0021523720930232,0.0585616438356164,0.0,0.0120588659642173,0.038859025714499,0.1921423658872077,0.0,0.3232625233910571,0.0759792223071588,0.0,0.0,3.526022868067227e-05,0.0001229209820512,0.0003117478991596,1.6806722406609706e-08,0.00213295,8.961974789915966e-05,0.0001779007428057,0.0003373529411764,8.403361273921333e-09,0.001596325,4.471498599159664e-05,0.0001632815678663,0.0003770168067226,1.6806722689075633e-08,0.0,0.0,0.0,0.0,0.0053094104723544,0.0060338543775815,3.255793358666667e-05,7.227861254999998e-05,0.0,0.0956763698630137,0.3695563763942782,0.1536248945788073,0.0235735948378378,0.0,0.0,0.0,1.0,0.0,0.0,0.0,0.0,0.1428571428571428,0.3625681022999154,0.0120588659642173,0.3232625233910571,0.0053094104723544,0.0,0.0,0.0,0.0,0.0,0.0,0.003463703276086,0.0006248887865434,0.0037460767439505,0.0021558026267567,1.0,0.005859375,0.001001001001001,0.5333333333333333,0.0,0.0,0.0,0.0,0.0,0.0,0.0,0.0,BENIGN,0.96000224
7.833333463888891e-07,0.0,0.000101245317404,0.0,2.790697674418605e-07,0.0,0.0,0.0,0.0,0.0005158184319119,0.0041436464088397,0.0015507883173946,0.0,0.0,0.0,7.899159663865547e-07,0.0,7.899159663865547e-07,8.06722675517266e-07,0.0,0.0,0.0,0.0,8.403361273921333e-09,0.0,0.0,0.0,0.0,0.0,0.0,0.0,0.0,0.0,0.000261547313909,0.000101239167409,0.00354609929,0.005319148935,0.0,0.0002568493150684,0.0009687332977664,0.0007356357491133,5.405405405405406e-07,0.0,0.0,0.0,1.0,0.0,0.0,0.0,0.0,0.1428571428571428,0.0014029930520313,0.0,0.0015507883173946,0.000261547313909,0.0,0.0,0.0,0.0,0.0,0.0,0.0,0.0,0.000101245317404,2.795145596106027e-07,0.4455718994140625,1.52587890625e-05,0.0,0.6666666666666666,0.0,0.0,0.0,0.0,0.0,0.0,0.0,0.0,PortScan,0.9481548
1.666666694444445e-07,0.0001443209698369,0.0,4.1868595413295375e-06,0.0,0.0002568493150684,0.0030257186081694,0.001009955273385,0.0,0.0,0.0,0.0,0.0,0.0,0.0,1.680672268907563e-07,0.0,1.680672268907563e-07,1.848739464727068e-07,1.666666666666667e-07,1.680672268907563e-07,0.0,1.680672268907563e-07,1.76470586752348e-07,0.0,0.0,0.0,0.0,0.0,0.0,0.0,0.0,0.0,0.000261547313909,0.0,0.0333333333333333,0.0,0.004524886877828,0.0002568493150684,0.0029061998932994,0.0,0.0,0.0,0.0,0.0,0.0,1.0,1.0,0.0,0.0,0.0,0.0042089791560941,0.001009955273385,0.0,0.000261547313909,0.0,0.0,0.0,0.0,0.0,0.0,0.0001443209698369,4.1868595413295375e-06,0.0,0.0,0.0082244873046875,0.0,0.0001668335001668,0.3333333333333333,0.0,0.0,0.0,0.0,0.0,0.0,0.0,0.0,BENIGN,0.92369074
0.0006302333438372,0.0004329629095107,0.0003037359522122,7.187442212615705e-05,6.232558139534884e-06,0.0083047945205479,0.0,0.0086687827632215,0.0134821638177388,0.0110041265474552,0.0,0.0115447574747996,0.0107898191791105,0.0,0.0,0.0001059215686554,0.0003634056368742,0.0006164201680672,3.781512541487184e-07,0.0006302333333333,0.0002118431372268,0.0005143178178657,0.0006280420168067,3.697478960525387e-07,0.0006164166666666,0.0003107983193277,0.0006610993965295,0.0006164201680672,5.176470588235294e-06,0.0,0.0,0.0,0.0,0.0006015588219908,0.0003644610026727,1.7630154616666667e-05,1.9833923945e-05,0.0,0.0083047945205479,0.0205855825775377,0.0159881446823388,0.0002553281853153,0.0,0.0,0.0,1.0,0.0,0.0,0.0,0.0,0.0,0.0227151256036498,0.0086687827632215,0.0115447574747996,0.0006015588219908,0.0,0.0,0.0,0.0,0.0,0.0,0.0004329629095107,7.187442212615705e-05,0.0003037359522122,6.242491831303459e-06,0.1250152587890625,0.003631591796875,0.0005005005005005,0.3333333333333333,0.0,0.0,0.0,0.0,0.0,0.0,0.0,0.0,Bot,0.9779212
0.8371678556194643,0.0036080242459229,0.0026323782525058,0.0020152750592266,7.255813953488372e-06,0.0428938356164383,0.0030257186081694,0.0373942414120763,0.0432039949856058,0.0005158184319119,0.0041436464088397,0.0015507883173946,0.0,0.0,0.0,0.0165529973613445,0.1056844609157509,0.4605042016806722,3.193277257255845e-07,0.8333333333333334,0.0337679573109243,0.145083932853717,0.4605042016806722,3.899159631099499e-06,0.8333333333333334,0.0337679959663865,0.1555269922879177,0.4605042016806722,4.436974789915966e-06,1.0,0.0,0.0,0.0,0.0034001150808181,0.0026322183526362,8.626970433333334e-08,1.294045565e-07,0.004524886877828,0.0428938356164383,0.0545415124702392,0.0504289718212588,0.0025401703734234,0.0,1.0,0.0,0.0,1.0,0.0,0.0,0.0,0.1428571428571428,0.053673477799796,0.0373942414120763,0.0015507883173946,0.0034001150808181,0.0,0.0,0.0,0.0,0.0,0.0,0.0036080242459229,0.0020152750592266,0.0026323782525058,7.267378549875669e-06,0.00390625,0.0134429931640625,0.0041708375041708,0.3333333333333333,0.005684116667,0.0001962448117624,0.00574107,0.00564183,0.2747899159663866,0.2784256559766764,0.4605042016806722,0.1798319327731092,Infiltration,0.9843687
0.5790259513170992,0.0027420984269014,0.0020249063480814,0.001302811127277,5.581395348837209e-06,0.0301797945205479,0.0030257186081694,0.0314264415901643,0.0321945795451007,0.0005158184319119,0.0041436464088397,0.0015507883173946,0.0,0.0,0.0,0.0149715822016806,0.1096823591941392,0.4621848739495798,2.941176421156699e-07,0.5791666666666667,0.0307309212773109,0.1534772182254196,0.4621848739495798,4.588235255561048e-06,0.5791666666666667,0.03073092702521,0.1645244215938303,0.4621848739495798,4.823529411764706e-06,1.0,0.0,0.0,0.0,0.0026154731390908,0.0020247833481817,9.594657433333333e-08,1.439198615e-07,0.004524886877828,0.0301797945205479,0.0459557625401493,0.0384121510884119,0.0014738044936936,0.0,1.0,0.0,0.0,1.0,0.0,0.0,0.0,0.1428571428571428,0.0454803581033511,0.0314264415901643,0.0015507883173946,0.0026154731390908,0.0,0.0,0.0,0.0,0.0,0.0,0.0027420984269014,0.001302811127277,0.0020249063480814,5.590291192212054e-06,0.00390625,0.0221710205078125,0.0031698365031698,0.3333333333333333,0.0056748,0.000485817578544,0.00576446,0.00558514,0.2848739495798319,0.4358600583090379,0.4621848739495798,0.107563025210084,Infiltration,0.9225357
5.750000095833335e-07,0.0,0.000101245317404,6.978099235549228e-07,2.790697674418605e-07,8.561643835616438e-05,0.0010085728693898,0.000336651757795,0.0,0.0005158184319119,0.0041436464088397,0.0015507883173946,0.0,0.0,0.0,5.798319327731093e-07,0.0,5.798319327731093e-07,5.966386454346446e-07,0.0,0.0,0.0,0.0,8.403361273921333e-09,0.0,0.0,0.0,0.0,0.0,0.0,0.0,0.0,0.0,0.0001569283883454,0.000101239167409,0.0048309178733333,0.00724637681,0.0015082956259426,0.0002568493150684,0.001614555496116,0.000490423832813,2.402402402252252e-07,0.0,0.0,0.0,1.0,0.0,0.0,0.0,0.0,0.1428571428571428,0.0023383217533856,0.000336651757795,0.0015507883173946,0.0001569283883454,0.0,0.0,0.0,0.0,0.0,0.0,0.0,6.978099235549228e-07,0.000101245317404,2.795145596106027e-07,0.0156402587890625,1.52587890625e-05,0.0,0.4,0.0,0.0,0.0,0.0,0.0,0.0,0.0,0.0,PortScan,0.9455427
4.000000066666668e-07,0.0,0.000101245317404,0.0,2.790697674418605e-07,0.0,0.0,0.0,0.0,0.0005158184319119,0.0041436464088397,0.0015507883173946,0.0,0.0,0.0,4.0336134453781524e-07,0.0,4.0336134453781524e-07,4.2016806016524267e-07,0.0,0.0,0.0,0.0,8.403361273921333e-09,0.0,0.0,0.0,0.0,0.0,0.0,0.0,0.0,0.0,0.000261547313909,0.000101239167409,0.0069444444433333,0.010416666665,0.0,0.0002568493150684,0.0009687332977664,0.0007356357491133,5.405405405405406e-07,0.0,0.0,0.0,1.0,0.0,0.0,0.0,0.0,0.1428571428571428,0.0014029930520313,0.0,0.0015507883173946,0.000261547313909,0.0,0.0,0.0,0.0,0.0,0.0,0.0,0.0,0.000101245317404,2.795145596106027e-07,0.4455718994140625,1.52587890625e-05,0.0,0.6666666666666666,0.0,0.0,0.0,0.0,0.0,0.0,0.0,0.0,PortScan,0.9484181
0.8171247052854117,0.0005772838793476,0.0007087172218284,0.0001283970259341,0.0005393023255813,0.0152397260273972,0.0,0.0123887846868564,0.0223981269667839,0.4979367262723521,0.0,0.4281283460842595,0.3166060580611475,0.0,0.0,0.0749082986974789,0.3614163614163614,0.8235294117647058,3.781512541487184e-07,0.8175,0.2058823529411764,0.5875299760191847,0.8235294117647058,3.865546186003814e-07,0.8175,0.1369747899159664,0.5141388174807198,0.8235294117647058,5.798319327731093e-07,0.0,0.0,0.0,0.0,0.0009415703300727,0.0011743743419454,1.699727e-08,3.56942665e-08,0.0,0.247945205479452,0.4459526477332277,0.3640516666588657,0.1323819172972972,1.0,0.0,0.0,0.0,0.0,0.0,0.0,0.0,0.1428571428571428,0.4664562177868062,0.0123887846868564,0.4281283460842595,0.0009415703300727,0.0,0.0,0.0,0.0,0.0,0.0,0.0005772838793476,0.0001283970259341,0.0007087172218284,0.0005401618864474,1.52587890625e-05,0.00360107421875,0.0003336670003336,0.3333333333333333,9.026e-05,0.0,9.026e-05,9.026e-05,0.8235294117647058,0.0,0.8235294117647058,0.8235294117647058,DoS,0.96123296
2.333333372222223e-07,0.0,0.000101245317404,2.0934297706647688e-06,2.790697674418605e-07,0.0002568493150684,0.0030257186081694,0.001009955273385,0.0,0.0005158184319119,0.0041436464088397,0.0015507883173946,0.0,0.0,0.0,2.3529411764705886e-07,0.0,2.3529411764705886e-07,2.521008360991457e-07,0.0,0.0,0.0,0.0,8.403361273921333e-09,0.0,0.0,0.0,0.0,0.0,0.0,0.0,0.0,0.0,0.0001307736569545,0.000101239167409,0.0119047619033333,0.017857142855,0.004524886877828,0.0002568493150684,0.0029061998932994,0.0,0.0,0.0,0.0,0.0,0.0,1.0,1.0,0.0,0.0,0.1428571428571428,0.0042089791560941,0.001009955273385,0.0015507883173946,0.0001307736569545,0.0,0.0,0.0,0.0,0.0,0.0,0.0,2.0934297706647688e-06,0.000101245317404,2.795145596106027e-07,0.003631591796875,0.0039215087890625,0.0,0.3333333333333333,0.0,0.0,0.0,0.0,0.0,0.0,0.0,0.0,Bot,0.94915766
0.0450670590844509,0.0002886419396738,0.000101245317404,0.0,0.0,0.0,0.0,0.0,0.0,0.0,0.0,0.0,0.0,0.0,0.0,0.0151485910336134,0.0381165238705738,0.0454400084033613,1.092436956429631e-06,0.0450670583333333,0.0227228865546218,0.0458404862829736,0.0454400084033613,5.773109195183956e-06,0.0,0.0,0.0,0.0,0.0,0.0,0.0,0.0,0.0,0.0006800230161636,0.0002024783348181,1.8490963566666666e-07,9.2454818e-08,0.0,0.0,0.0,0.0,0.0,0.0,0.0,0.0,1.0,0.0,0.0,0.0,0.0,0.0,0.0,0.0,0.0,0.0006800230161636,0.0,0.0,0.0,0.0,0.0,0.0,0.0002886419396738,0.0,0.000101245317404,0.0,0.4455718994140625,0.4419097900390625,0.0,0.5333333333333333,0.0,0.0,0.0,0.0,0.0,0.0,0.0,0.0,WebAttack,0.9755374
0.0083085084718084,0.0002886419396738,0.0003037359522122,0.0,8.372093023255814e-07,0.0,0.0,0.0,0.0,0.0005158184319119,0.0041436464088397,0.0015507883173946,0.0,0.0,0.0,0.0016756655462184,0.0033248156935286,0.0041908487394957,4.2016806016524265e-06,0.0083040583333333,0.0041869201680672,1.6371980743405277e-05,0.0041950336134453,0.0041788150909343,0.008303525,0.0041866512605042,1.8786500218509e-05,0.0041953361344537,0.0041779663865546,0.0,0.0,0.0,0.0,0.0006015588219908,0.0003037175022272,1.002987901e-06,1.5044818515e-06,0.0,0.0002568493150684,0.0012455142397778,0.0006810663626782,4.633204635135135e-07,0.0,0.0,0.0,1.0,0.0,0.0,0.0,0.0,0.1428571428571428,0.0014029930520313,0.0,0.0015507883173946,0.0006015588219908,0.0,0.0,0.0,0.0,0.0,0.0,0.0002886419396738,0.0,0.0003037359522122,8.38543678831808e-07,0.1250152587890625,1.52587890625e-05,0.0,0.4666666666666667,0.0,0.0,0.0,0.0,0.0,0.0,0.0,0.0,Bot,0.9451647
0.0999810433330173,0.0028864193967383,0.0032398501569302,0.0007006011632491,0.0001276744186046,0.0273972602739726,0.0,0.0160951602299789,0.0198660583826293,0.0839064649243466,0.0,0.022171426725252,0.032899344135188,0.0,0.0,0.0019388695865546,0.0075536345934065,0.0186167647058823,5.042016721982913e-08,0.085,0.0042784840336134,0.0107340686822541,0.0190334957983193,4.109243662947532e-06,0.1,0.0032522642991596,0.0098578986452442,0.0186167647058823,3.3613445378151266e-08,0.0,0.0,0.0,0.0,0.0044463043364544,0.0052239410383089,5.834439446666667e-07,1.333586159e-06,0.0,0.0417808219178082,0.0426332348551999,0.0402613426188466,0.001619120331081,0.0,0.0,0.0,1.0,0.0,0.0,0.0,0.0,0.1428571428571428,0.0419397860130865,0.0160951602299789,0.022171426725252,0.0044463043364544,0.0,0.0,0.0,0.0,0.0,0.0,0.0028864193967383,0.0007006011632491,0.0032398501569302,0.0001278779110218,0.4455718994140625,0.0037841796875,0.0026693360026693,0.5333333333333333,0.0,0.0,0.0,0.0,0.0,0.0,0.0,0.0,BruteForce,0.9596127
8.250000137500002e-07,0.0,0.000101245317404,0.0,2.790697674418605e-07,0.0,0.0,0.0,0.0,0.0005158184319119,0.0041436464088397,0.0015507883173946,0.0,0.0,0.0,8.319327731092437e-07,0.0,8.319327731092437e-07,8.487394815337902e-07,0.0,0.0,0.0,0.0,8.403361273921333e-09,0.0,0.0,0.0,0.0,0.0,0.0,0.0,0.0,0.0,0.000261547313909,0.000101239167409,0.0033670033666666,0.00505050505,0.0,0.0002568493150684,0.0009687332977664,0.0007356357491133,5.405405405405406e-07,0.0,0.0,0.0,1.0,0.0,0.0,0.0,0.0,0.1428571428571428,0.0014029930520313,0.0,0.0015507883173946,0.000261547313909,0.0,0.0,0.0,0.0,0.0,0.0,0.0,0.0,0.000101245317404,2.795145596106027e-07,0.4455718994140625,1.52587890625e-05,0.0,0.6666666666666666,0.0,0.0,0.0,0.0,0.0,0.0,0.0,0.0,PortScan,0.94804573
0.0854223430903723,0.0011545677586953,0.0006074719044244,0.0001587517576087,0.0005432558139534,0.0194777397260274,0.0,0.0085098083227886,0.0215146228196678,0.875515818431912,0.0,0.5031446541742052,0.6088946122984574,0.0,0.0,0.0061528697478991,0.0226248431379731,0.0441091344537815,2.5210083609914566e-08,0.0440999916666666,0.0055588224789915,0.0223091194484412,0.0442534117647058,1.6806722547842666e-08,0.0858333333333333,0.0172279949579831,0.0360190695115681,0.0441091344537815,1.6554621848739497e-06,0.0,0.0,0.0,0.0,0.0020139143170999,0.0010123916740908,2.9266348266666666e-07,2.926634825e-07,0.0,0.435958904109589,0.3673618302623839,0.539511494654252,0.2907394893243243,0.0,0.0,0.0,1.0,0.0,0.0,0.0,0.0,0.0,0.3783404596978006,0.0085098083227886,0.5031446541742052,0.0020139143170999,0.0,0.0,0.0,0.0,0.0,0.0,0.0011545677586953,0.0001587517576087,0.0006074719044244,0.0005441216760419,0.4455718994140625,0.00360107421875,0.0001668335001668,0.5333333333333333,8.96e-06,0.0,8.96e-06,8.96e-06,0.0441091344537815,0.0,0.0441091344537815,0.0441091344537815,DoS,0.9612291
0.0083218668053644,0.0002886419396738,0.0003037359522122,0.0,8.372093023255814e-07,0.0,0.0,0.0,0.0,0.0005158184319119,0.0041436464088397,0.0015507883173946,0.0,0.0,0.0,0.0016783596638655,0.0033305511343101,0.0042139915966386,3.6050419562177823e-06,0.0083178416666666,0.0041938697478991,4.7844167458033576e-05,0.0042175798319327,0.0041701680321834,0.0083183083333333,0.0041941050420168,5.5159782197943445e-05,0.0042196050420168,0.0041686050420168,0.0,0.0,0.0,0.0,0.0006015588219908,0.0003037175022272,1.001377896e-06,1.502066844e-06,0.0,0.0002568493150684,0.0012455142397778,0.0006810663626782,4.633204635135135e-07,0.0,0.0,0.0,1.0,0.0,0.0,0.0,0.0,0.1428571428571428,0.0014029930520313,0.0,0.0015507883173946,0.0006015588219908,0.0,0.0,0.0,0.0,0.0,0.0,0.0002886419396738,0.0,0.0003037359522122,8.38543678831808e-07,0.1250152587890625,1.52587890625e-05,0.0,0.4666666666666667,0.0,0.0,0.0,0.0,0.0,0.0,0.0,0.0,Bot,0.9451647
5.000000083333335e-07,0.0,0.000101245317404,0.0,0.0,0.0,0.0,0.0,0.0,0.0,0.0,0.0,0.0,0.0,0.0,5.042016806722689e-07,0.0,5.042016806722689e-07,5.210083946049009e-07,0.0,0.0,0.0,0.0,8.403361273921333e-09,0.0,0.0,0.0,0.0,0.0,0.0,0.0,0.0,0.0,0.0002092378511272,0.0001619826678545,0.0055555555566666,0.008333333335,0.0,0.0,0.0,0.0,0.0,0.0,0.0,0.0,0.0,1.0,1.0,0.0,0.0,0.1428571428571428,0.0,0.0,0.0,0.0002092378511272,0.0,0.0,0.0,0.0,0.0,0.0,0.0,0.0,0.000101245317404,0.0,0.015869140625,0.0040130615234375,0.0,0.5333333333333333,0.0,0.0,0.0,0.0,0.0,0.0,0.0,0.0,BENIGN,0.78706896
0.0005444500090741,0.0004329629095107,0.0003037359522122,7.222332708793451e-05,6.232558139534884e-06,0.008347602739726,0.0,0.0087108642329459,0.0135530598951194,0.0110041265474552,0.0,0.0115447574747996,0.0107898191791105,0.0,0.0,9.150420168067228e-05,0.0003131266687423,0.0005313697478991,6.554621738577786e-07,0.00054445,0.0001830084033613,0.0004439538758992,0.000542268907563,6.470588180919427e-07,0.000531925,0.0002681974789915,0.0005692754915167,0.0005313697478991,5.025210084033613e-06,0.0,0.0,0.0,0.0,0.0006015588219908,0.0003644610026727,2.040795502e-05,2.29589494e-05,0.0,0.008347602739726,0.0206461284086481,0.0160492507222744,0.0002572836229279,0.0,0.0,0.0,1.0,0.0,0.0,0.0,0.0,0.0,0.0227819347952674,0.0087108642329459,0.0115447574747996,0.0006015588219908,0.0,0.0,0.0,0.0,0.0,0.0,0.0004329629095107,7.222332708793451e-05,0.0003037359522122,6.242491831303459e-06,0.1250152587890625,0.003631591796875,0.0005005005005005,0.3333333333333333,0.0,0.0,0.0,0.0,0.0,0.0,0.0,0.0,Bot,0.97624004
1.7250000287500006e-06,0.0001443209698369,0.0002024906348081,2.1632107630202608e-05,4.372093023255814e-06,0.0013270547945205,0.0156328794755421,0.0052181022458226,0.0,0.0040405777166437,0.0324585635359116,0.0121478418195916,0.0,0.0,0.0,5.798319327731093e-07,4.335843932735042e-07,9.243697478991596e-07,4.2016806016524267e-07,4e-07,4.0336134453781524e-07,0.0,4.0336134453781524e-07,4.117647024221454e-07,4.083333333333333e-07,4.11764705882353e-07,0.0,4.11764705882353e-07,4.11764705882353e-07,0.0,0.0,0.0,0.0,0.0004184757022545,0.000323965335709,0.0032206119162641,0.0048309178743961,0.0233785822021116,0.0020119863013698,0.0181153126682332,0.0018610275964315,3.459459459459459e-06,0.0,0.0,0.0,0.0,0.0,0.0,0.0,0.0,0.1428571428571428,0.0218633083941559,0.0052181022458226,0.0121478418195916,0.0004184757022545,0.0,0.0,0.0,0.0,0.0,0.0,0.0001443209698369,2.1632107630202608e-05,0.0002024906348081,4.379061433899442e-06,0.0,0.0,0.0001668335001668,0.5333333333333333,0.0,0.0,0.0,0.0,0.0,0.0,0.0,0.0,BENIGN,0.96474874
0.0005410166756836,0.0004329629095107,0.0003037359522122,7.222332708793451e-05,6.232558139534884e-06,0.008347602739726,0.0,0.0087108642329459,0.0135530598951194,0.0110041265474552,0.0,0.0115447574747996,0.0107898191791105,0.0,0.0,9.092717084033612e-05,0.0003106184876678,0.0005272605042016,3.361344481321941e-07,0.0005410166666666,0.0001818543417647,0.0004394450273381,0.0005374537815126,3.277310896829321e-07,0.0005273833333333,0.0002659075630252,0.0005653400514138,0.0005272605042016,4.554621848739495e-06,0.0,0.0,0.0,0.0,0.0006015588219908,0.0003644610026727,2.053746547e-05,2.3104648655e-05,0.0,0.008347602739726,0.0206461284086481,0.0160492507222744,0.0002572836229279,0.0,0.0,0.0,1.0,0.0,0.0,0.0,0.0,0.0,0.0227819347952674,0.0087108642329459,0.0115447574747996,0.0006015588219908,0.0,0.0,0.0,0.0,0.0,0.0,0.0004329629095107,7.222332708793451e-05,0.0003037359522122,6.242491831303459e-06,0.1250152587890625,0.003631591796875,0.0005005005005005,0.3333333333333333,0.0,0.0,0.0,0.0,0.0,0.0,0.0,0.0,Bot,0.9398013
0.1013078433551307,0.0028864193967383,0.0032398501569302,0.0007006011632491,0.0001276744186046,0.0273972602739726,0.0,0.0160951602299789,0.0198660583826293,0.0839064649243466,0.0,0.022171426725252,0.032899344135188,0.0,0.0,0.0019645993857142,0.0077484375360195,0.02115656302521,4.2016806016524265e-08,0.085,0.0042931831932773,0.0108960031007194,0.0216373025210084,4.176470553138903e-06,0.1016666666666666,0.0032954277579831,0.0101251118251928,0.02115656302521,2.521008403361345e-08,0.0,0.0,0.0,0.0,0.0044463043364544,0.0052239410383089,5.75802745e-07,1.3161205605e-06,0.0,0.0417808219178082,0.0426332348551999,0.0402613426188466,0.001619120331081,0.0,0.0,0.0,1.0,0.0,0.0,0.0,0.0,0.1428571428571428,0.0419397860130865,0.0160951602299789,0.022171426725252,0.0044463043364544,0.0,0.0,0.0,0.0,0.0,0.0,0.0028864193967383,0.0007006011632491,0.0032398501569302,0.0001278779110218,0.4455718994140625,0.0037841796875,0.0026693360026693,0.5333333333333333,0.0,0.0,0.0,0.0,0.0,0.0,0.0,0.0,BruteForce,0.9596127
0.0468617674476961,0.0002886419396738,0.000101245317404,0.0,0.0,0.0,0.0,0.0,0.0,0.0,0.0,0.0,0.0,0.0,0.0,0.0157518543445378,0.0396328579609279,0.0472483109243697,9.915966219899728e-07,0.0468617666666666,0.023627781512605,0.0476634567386091,0.0472483109243697,7.260504140668032e-06,0.0,0.0,0.0,0.0,0.0,0.0,0.0,0.0,0.0,0.0006800230161636,0.0002024783348181,1.778279806666667e-07,8.89139905e-08,0.0,0.0,0.0,0.0,0.0,0.0,0.0,0.0,1.0,0.0,0.0,0.0,0.0,0.0,0.0,0.0,0.0,0.0006800230161636,0.0,0.0,0.0,0.0,0.0,0.0,0.0002886419396738,0.0,0.000101245317404,0.0,0.4455718994140625,0.4419097900390625,0.0,0.5333333333333333,0.0,0.0,0.0,0.0,0.0,0.0,0.0,0.0,WebAttack,0.9755374
0.0001689750028162,0.0001443209698369,0.0,4.1868595413295375e-06,0.0,0.0002568493150684,0.0030257186081694,0.001009955273385,0.0,0.0,0.0,0.0,0.0,0.0,0.0,0.0001703949579831,0.0,0.0001703949579831,0.0001704117618418,0.000168975,0.0001703949579831,0.0,0.0001703949579831,0.0001704033599125,0.0,0.0,0.0,0.0,0.0,0.0,0.0,0.0,0.0,0.000261547313909,0.0,3.287797340333333e-05,0.0,0.004524886877828,0.0002568493150684,0.0029061998932994,0.0,0.0,0.0,0.0,0.0,0.0,1.0,0.0,0.0,0.0,0.0,0.0042089791560941,0.001009955273385,0.0,0.000261547313909,0.0,0.0,0.0,0.0,0.0,0.0,0.0001443209698369,4.1868595413295375e-06,0.0,0.0,0.003875732421875,0.0,0.0001668335001668,0.3333333333333333,0.0,0.0,0.0,0.0,0.0,0.0,0.0,0.0,BENIGN,0.9304488
8.333333472222226e-08,0.0,0.000101245317404,2.0934297706647688e-06,2.790697674418605e-07,0.0002568493150684,0.0030257186081694,0.001009955273385,0.0,0.0005158184319119,0.0041436464088397,0.0015507883173946,0.0,0.0,0.0,8.403361344537815e-08,0.0,8.403361344537815e-08,1.0084033443965825e-07,0.0,0.0,0.0,0.0,8.403361273921333e-09,0.0,0.0,0.0,0.0,0.0,0.0,0.0,0.0,0.0,0.0001307736569545,0.000101239167409,0.0333333333333333,0.05,0.004524886877828,0.0002568493150684,0.0029061998932994,0.0,0.0,0.0,0.0,0.0,0.0,1.0,0.0,0.0,0.0,0.1428571428571428,0.0042089791560941,0.001009955273385,0.0015507883173946,0.0001307736569545,0.0,0.0,0.0,0.0,0.0,0.0,0.0,2.0934297706647688e-06,0.000101245317404,2.795145596106027e-07,0.250152587890625,0.003631591796875,0.0,0.3333333333333333,0.0,0.0,0.0,0.0,0.0,0.0,0.0,0.0,Bot,0.6388075
5.750000095833335e-07,0.0,0.000101245317404,0.0,0.0,0.0,0.0,0.0,0.0,0.0,0.0,0.0,0.0,0.0,0.0,5.798319327731093e-07,0.0,5.798319327731093e-07,5.966386454346446e-07,0.0,0.0,0.0,0.0,8.403361273921333e-09,0.0,0.0,0.0,0.0,0.0,0.0,0.0,0.0,0.0,0.0002092378511272,0.0001619826678545,0.0048309178733333,0.00724637681,0.0,0.0,0.0,0.0,0.0,0.0,0.0,0.0,0.0,1.0,1.0,0.0,0.0,0.1428571428571428,0.0,0.0,0.0,0.0002092378511272,0.0,0.0,0.0,0.0,0.0,0.0,0.0,0.0,0.000101245317404,0.0,0.00396728515625,0.0037841796875,0.0,0.5333333333333333,0.0,0.0,0.0,0.0,0.0,0.0,0.0,0.0,BruteForce,0.9076845
4.166666736111112e-08,0.0001443209698369,0.0,0.0,0.0,0.0,0.0,0.0,0.0,0.0,0.0,0.0,0.0,0.0,0.0,4.201680672268908e-08,0.0,4.201680672268908e-08,5.8823528423133985e-08,4.1666666666666676e-08,4.201680672268908e-08,0.0,4.201680672268908e-08,5.0420167643528e-08,0.0,0.0,0.0,0.0,0.0,0.0,0.0,0.0,0.0,0.0004184757022545,0.0,0.1333333333333333,0.0,0.0,0.0,0.0,0.0,0.0,0.0,0.0,0.0,0.0,1.0,0.0,0.0,0.0,0.0,0.0,0.0,0.0,0.0004184757022545,0.0,0.0,0.0,0.0,0.0,0.0,0.0001443209698369,0.0,0.0,0.0,0.00384521484375,0.0,0.0,0.5333333333333333,0.0,0.0,0.0,0.0,0.0,0.0,0.0,0.0,DoS,0.9391954
0.0014405416906756,0.0004329629095107,0.0003037359522122,7.222332708793451e-05,6.232558139534884e-06,0.008347602739726,0.0,0.0087108642329459,0.0135530598951194,0.0110041265474552,0.0,0.0115447574747996,0.0107898191791105,0.0,0.0,0.0002421078431092,0.0008489142089133,0.0014346974789915,3.613445317421087e-07,0.0014405416666666,0.0004842156863025,0.001188646164988,0.0014461344537815,3.52941173504696e-07,0.0014289333333333,0.0007204705882352,0.0015449646953727,0.0014346974789915,6.2436974789915965e-06,0.0,0.0,0.0,0.0,0.0006015588219908,0.0003644610026727,7.713148023333334e-06,8.67729153e-06,0.0,0.008347602739726,0.0206461284086481,0.0160492507222744,0.0002572836229279,0.0,0.0,0.0,1.0,0.0,0.0,0.0,0.0,0.0,0.0227819347952674,0.0087108642329459,0.0115447574747996,0.0006015588219908,0.0,0.0,0.0,0.0,0.0,0.0,0.0004329629095107,7.222332708793451e-05,0.0003037359522122,6.242491831303459e-06,0.1250152587890625,0.003631591796875,0.0005005005005005,0.3333333333333333,0.0,0.0,0.0,0.0,0.0,0.0,0.0,0.0,Bot,0.9779212
2.158333369305556e-06,0.0001443209698369,0.0,0.0,0.0,0.0,0.0,0.0,0.0,0.0,0.0,0.0,0.0,0.0,0.0,2.176470588235294e-06,0.0,2.176470588235294e-06,2.1932772740625667e-06,2.158333333333333e-06,2.176470588235294e-06,0.0,2.176470588235294e-06,2.1848739312195467e-06,0.0,0.0,0.0,0.0,0.0,0.0,0.0,0.0,0.0,0.0004184757022545,0.0,0.002574002574,0.0,0.0,0.0,0.0,0.0,0.0,0.0,0.0,0.0,0.0,1.0,0.0,0.0,0.0,0.0,0.0,0.0,0.0,0.0004184757022545,0.0,0.0,0.0,0.0,0.0,0.0,0.0001443209698369,0.0,0.0,0.0,0.02197265625,0.0,0.0,0.5333333333333333,0.0,0.0,0.0,0.0,0.0,0.0,0.0,0.0,WebAttack,0.6068011
0.9948503165808386,0.1668350411314764,0.117140832236509,0.11152049293293,0.0003228837209302,0.0544092465753424,0.0030257186081694,0.0465012970435603,0.0376135981092399,0.0005158184319119,0.0041436464088397,0.0015507883173946,0.0,0.0,0.0,0.0004337269289075,0.0084070439597069,0.2084033613445378,2.5210083609914566e-08,0.9916666666666668,0.0008678254193277,0.0116625434628297,0.2084033613445378,2.966386529694231e-06,0.9916666666666668,0.0008678252378151,0.0124875240784061,0.2084033613445378,3.899159663865546e-06,1.0,0.0,0.0,0.0,0.1513051210964063,0.1171337166923139,3.2305251240000003e-06,4.845787686000001e-06,0.004524886877828,0.0544092465753424,0.0683484233694113,0.0490657405177234,0.0024046913144144,0.0,1.0,0.0,0.0,1.0,0.0,0.0,0.0,0.1428571428571428,0.0660200995946044,0.0465012970435603,0.0015507883173946,0.1513051210964063,0.0,0.0,0.0,0.0,0.0,0.0,0.1668350411314764,0.11152049293293,0.117140832236509,0.0003233983454694,0.00390625,0.060699462890625,0.1928595261928595,0.3333333333333333,0.0874278875,0.3322047496168582,0.217,0.03735603,0.1142857142857142,0.1413048272740525,0.2084033613445378,0.045155050420168,Infiltration,0.98438257
4.08333340138889e-07,0.0,0.000101245317404,0.0,0.0,0.0,0.0,0.0,0.0,0.0,0.0,0.0,0.0,0.0,0.0,4.11764705882353e-07,0.0,4.11764705882353e-07,4.285714213685476e-07,0.0,0.0,0.0,0.0,8.403361273921333e-09,0.0,0.0,0.0,0.0,0.0,0.0,0.0,0.0,0.0,0.0002092378511272,0.0001619826678545,0.00680272109,0.010204081635,0.0,0.0,0.0,0.0,0.0,0.0,0.0,0.0,0.0,1.0,1.0,0.0,0.0,0.1428571428571428,0.0,0.0,0.0,0.0002092378511272,0.0,0.0,0.0,0.0,0.0,0.0,0.0,0.0,0.000101245317404,0.0,0.0220489501953125,0.0179290771484375,0.0,0.5333333333333333,0.0,0.0,0.0,0.0,0.0,0.0,0.0,0.0,WebAttack,0.8074853
0.699293761654896,0.0007216048491845,0.0007087172218284,0.0001126963026541,0.0005393023255813,0.013056506849315,0.0,0.0090615431467546,0.0174596325524889,0.4979367262723521,0.0,0.4281283460842595,0.3166060580611475,0.0,0.0,0.0587641806722689,0.2954822954822955,0.7033613445378152,1.6806722406609706e-08,0.6983333333333334,0.1411764705882353,0.448441247002398,0.7033613445378152,2.5210083821764e-08,0.6991666666666667,0.1176470588235294,0.4395886889460154,0.704201680672269,5.210084033613445e-07,0.0,0.0,0.0,0.0,0.0010723439870272,0.0011743743419454,2.383357033333333e-08,4.1708748e-08,0.0,0.247945205479452,0.4125419943704932,0.3538627397698207,0.1250755123423423,1.0,0.0,0.0,0.0,0.0,0.0,0.0,0.0,0.1428571428571428,0.4289561320990053,0.0090615431467546,0.4281283460842595,0.0010723439870272,0.0,0.0,0.0,0.0,0.0,0.0,0.0007216048491845,0.0001126963026541,0.0007087172218284,0.0005401618864474,1.52587890625e-05,0.00360107421875,0.0005005005005005,0.3333333333333333,0.00028013,0.0,0.00028013,0.00028013,0.7033613445378152,0.0,0.7033613445378152,0.7033613445378152,DoS,0.9613218
0.7070915451181924,0.0007216048491845,0.0006074719044244,0.000120721116775,0.0005393023255813,0.0148116438356164,0.0,0.0097067923503172,0.0200375245880008,0.4979367262723521,0.0,0.4994830705608684,0.3533527554929881,0.0,0.0,0.0648212253613445,0.3113553113553113,0.711764705882353,3.361344481321941e-08,0.7058333333333333,0.142016806722689,0.4544364508393285,0.711764705882353,4.2016806369606674e-08,0.0014397083333333,0.0002903613445378,0.0009850638020565,0.0014423949579831,1.6806722689075633e-08,0.0,0.0,0.0,0.0,0.0013077365695454,0.0010123916740908,2.3570734333333333e-08,3.53561015e-08,0.0,0.247945205479452,0.4449093964671238,0.3854596455125303,0.1484090736936937,0.0,0.0,0.0,0.0,1.0,0.0,0.0,0.0,0.1428571428571428,0.4653650009373815,0.0097067923503172,0.4994830705608684,0.0013077365695454,0.0,0.0,0.0,0.0,0.0,0.0,0.0007216048491845,0.000120721116775,0.0006074719044244,0.0005401618864474,0.0041961669921875,0.00360107421875,0.0001668335001668,0.5333333333333333,9.96e-06,0.0,9.96e-06,9.96e-06,0.711764705882353,0.0,0.711764705882353,0.711764705882353,DoS,0.96130955
6.833333447222225e-07,0.0,0.000101245317404,0.0,0.0,0.0,0.0,0.0,0.0,0.0,0.0,0.0,0.0,0.0,0.0,6.890756302521008e-07,0.0,6.890756302521008e-07,7.058823410776077e-07,0.0,0.0,0.0,0.0,8.403361273921333e-09,0.0,0.0,0.0,0.0,0.0,0.0,0.0,0.0,0.0,0.0002092378511272,0.0001619826678545,0.00406504065,0.006097560975,0.0,0.0,0.0,0.0,0.0,0.0,0.0,0.0,0.0,1.0,1.0,0.0,0.0,0.1428571428571428,0.0,0.0,0.0,0.0002092378511272,0.0,0.0,0.0,0.0,0.0,0.0,0.0,0.0,0.000101245317404,0.0,0.005340576171875,0.0047454833984375,0.0,0.5333333333333333,0.0,0.0,0.0,0.0,0.0,0.0,0.0,0.0,BENIGN,0.8873776
3.583333393055557e-07,0.0,0.000101245317404,0.0,2.790697674418605e-07,0.0,0.0,0.0,0.0,0.0005158184319119,0.0041436464088397,0.0015507883173946,0.0,0.0,0.0,3.613445378151261e-07,0.0,3.613445378151261e-07,3.781512541487184e-07,0.0,0.0,0.0,0.0,8.403361273921333e-09,0.0,0.0,0.0,0.0,0.0,0.0,0.0,0.0,0.0,0.000261547313909,0.000101239167409,0.0077519379833333,0.011627906975,0.0,0.0002568493150684,0.0009687332977664,0.0007356357491133,5.405405405405406e-07,0.0,0.0,0.0,1.0,0.0,0.0,0.0,0.0,0.1428571428571428,0.0014029930520313,0.0,0.0015507883173946,0.000261547313909,0.0,0.0,0.0,0.0,0.0,0.0,0.0,0.0,0.000101245317404,2.795145596106027e-07,0.4455718994140625,1.52587890625e-05,0.0,0.6666666666666666,0.0,0.0,0.0,0.0,0.0,0.0,0.0,0.0,PortScan,0.9484181
0.0006426416773773,0.0004329629095107,0.0003037359522122,7.222332708793451e-05,6.232558139534884e-06,0.008347602739726,0.0,0.0087108642329459,0.0135530598951194,0.0110041265474552,0.0,0.0115447574747996,0.0107898191791105,0.0,0.0,0.0001080070027731,0.0003718900349206,0.0006304285714285,3.613445317421087e-07,0.0006426416666666,0.0002160140056302,0.0005236615263788,0.0006397731092436,6.134453729962574e-07,0.0006298416666666,0.0003175672268907,0.000676759357712,0.0006304285714285,4.705882352941176e-06,0.0,0.0,0.0,0.0,0.0006015588219908,0.0003644610026727,1.7289745883333335e-05,1.945096412e-05,0.0,0.008347602739726,0.0206461284086481,0.0160492507222744,0.0002572836229279,0.0,0.0,0.0,1.0,0.0,0.0,0.0,0.0,0.0,0.0227819347952674,0.0087108642329459,0.0115447574747996,0.0006015588219908,0.0,0.0,0.0,0.0,0.0,0.0,0.0004329629095107,7.222332708793451e-05,0.0003037359522122,6.242491831303459e-06,0.1250152587890625,0.003631591796875,0.0005005005005005,0.3333333333333333,0.0,0.0,0.0,0.0,0.0,0.0,0.0,0.0,Bot,0.9779212
0.0457408757623479,0.0002886419396738,0.000101245317404,0.0,0.0,0.0,0.0,0.0,0.0,0.0,0.0,0.0,0.0,0.0,0.0,0.0153750840336134,0.0386865286202686,0.0461194873949579,1.0168067055998874e-06,0.045740875,0.0230626260504201,0.0465260407194244,0.0461194873949579,5.773109195183956e-06,0.0,0.0,0.0,0.0,0.0,0.0,0.0,0.0,0.0,0.0006800230161636,0.0002024783348181,1.821857e-07,9.109285e-08,0.0,0.0,0.0,0.0,0.0,0.0,0.0,0.0,1.0,0.0,0.0,0.0,0.0,0.0,0.0,0.0,0.0,0.0006800230161636,0.0,0.0,0.0,0.0,0.0,0.0,0.0002886419396738,0.0,0.000101245317404,0.0,0.4455718994140625,0.4419097900390625,0.0,0.5333333333333333,0.0,0.0,0.0,0.0,0.0,0.0,0.0,0.0,WebAttack,0.9755374
1.700000028333334e-06,0.0001443209698369,0.000101245317404,4.88466946488446e-06,0.0,0.0005993150684931,0.0,0.0011782811522825,0.0014042894480964,0.0,0.0,0.0,0.0,0.0,0.0,8.571428571428571e-07,2.7628103785103786e-07,9.91596638655462e-07,7.394957858908271e-07,1.7e-06,1.7142857142857145e-06,0.0,1.7142857142857145e-06,1.7226890611538731e-06,0.0,0.0,0.0,0.0,0.0,1.0,0.0,0.0,0.0,0.0004184757022545,0.000101239167409,0.0032679738563333,0.002450980392,0.0,0.0005993150684931,0.0033905665421826,0.0017164834147393,2.9429429427927927e-06,0.0,1.0,0.0,0.0,1.0,0.0,0.0,0.0,0.0,0.0043648672728306,0.0011782811522825,0.0,0.0004184757022545,0.0,0.0,0.0,0.0,0.0,0.0,0.0001443209698369,4.88466946488446e-06,0.000101245317404,0.0,0.003509521484375,1.52587890625e-05,0.0,0.5333333333333333,0.0,0.0,0.0,0.0,0.0,0.0,0.0,0.0,BruteForce,0.93095434
2.5000000416666676e-08,0.0001443209698369,0.0,4.1868595413295375e-06,0.0,0.0002568493150684,0.0030257186081694,0.001009955273385,0.0,0.0,0.0,0.0,0.0,0.0,0.0,2.521008403361345e-08,0.0,2.521008403361345e-08,4.2016806016524265e-08,2.5e-08,2.521008403361345e-08,0.0,2.521008403361345e-08,3.361344509568533e-08,0.0,0.0,0.0,0.0,0.0,0.0,0.0,0.0,0.0,0.000261547313909,0.0,0.2222222222333333,0.0,0.004524886877828,0.0002568493150684,0.0029061998932994,0.0,0.0,0.0,0.0,0.0,0.0,1.0,0.0,0.0,0.0,0.0,0.0042089791560941,0.001009955273385,0.0,0.000261547313909,0.0,0.0,0.0,0.0,0.0,0.0,0.0001443209698369,4.1868595413295375e-06,0.0,0.0,0.010772705078125,0.0,0.0001668335001668,0.3333333333333333,0.0,0.0,0.0,0.0,0.0,0.0,0.0,0.0,BENIGN,0.936857
0.0830939263848987,0.0011545677586953,0.001518679761061,3.768173587196584e-05,8.744186046511628e-06,0.0010273972602739,0.0,0.00201991054677,0.0013753319164179,0.0029229711141678,0.0,0.0032394244843628,0.002173428807055,0.0,0.0,0.0036431388378151,0.0136750556898656,0.0288116638655462,3.361344481321941e-08,0.0550676,0.006941294117647,0.0181320051558753,0.0291692857142857,2.310924350328367e-06,0.08309305,0.0059850936378151,0.0177594146915167,0.0288116638655462,1.6806722689075633e-08,0.0,0.0,0.0,0.0,0.0019354501229272,0.0024702356847817,3.008643533333333e-07,7.52160883e-07,0.0,0.0014554794520547,0.0057349011227775,0.0026943199798824,7.25105104954955e-06,0.0,0.0,0.0,1.0,0.0,0.0,0.0,0.0,0.1428571428571428,0.005767860323459,0.00201991054677,0.0032394244843628,0.0019354501229272,0.0,0.0,0.0,0.0,0.0,0.0,0.0011545677586953,3.768173587196584e-05,0.001518679761061,8.758122867798883e-06,0.4455718994140625,0.00347900390625,0.001001001001001,0.5333333333333333,0.0,0.0,0.0,0.0,0.0,0.0,0.0,0.0,BruteForce,0.9573112
2.5000000416666676e-08,0.0001443209698369,0.0,0.0,0.0,0.0,0.0,0.0,0.0,0.0,0.0,0.0,0.0,0.0,0.0,2.521008403361345e-08,0.0,2.521008403361345e-08,4.2016806016524265e-08,2.5e-08,2.521008403361345e-08,0.0,2.521008403361345e-08,3.361344509568533e-08,0.0,0.0,0.0,0.0,0.0,0.0,0.0,0.0,0.0,0.0004184757022545,0.0,0.2222222222333333,0.0,0.0,0.0,0.0,0.0,0.0,0.0,0.0,0.0,0.0,1.0,0.0,0.0,0.0,0.0,0.0,0.0,0.0,0.0004184757022545,0.0,0.0,0.0,0.0,0.0,0.0,0.0001443209698369,0.0,0.0,0.0,0.00384521484375,0.0,0.0,0.5333333333333333,0.0,0.0,0.0,0.0,0.0,0.0,0.0,0.0,DoS,0.9391954
1.8666666977777783e-06,0.0001443209698369,0.000101245317404,4.88466946488446e-06,0.0,0.0005993150684931,0.0,0.0011782811522825,0.0014042894480964,0.0,0.0,0.0,0.0,0.0,0.0,9.411764705882352e-07,8.633782432234432e-07,1.361344537815126e-06,5.378151170115106e-07,1.8666666666666669e-06,1.8823529411764709e-06,0.0,1.8823529411764709e-06,1.8907562866323e-06,0.0,0.0,0.0,0.0,0.0,1.0,0.0,0.0,0.0,0.0004184757022545,0.000101239167409,0.0029761904763333,0.002232142857,0.0,0.0005993150684931,0.0033905665421826,0.0017164834147393,2.9429429427927927e-06,0.0,1.0,0.0,0.0,1.0,0.0,0.0,0.0,0.0,0.0043648672728306,0.0011782811522825,0.0,0.0004184757022545,0.0,0.0,0.0,0.0,0.0,0.0,0.0001443209698369,4.88466946488446e-06,0.000101245317404,0.0,0.003509521484375,1.52587890625e-05,0.0,0.5333333333333333,0.0,0.0,0.0,0.0,0.0,0.0,0.0,0.0,BruteForce,0.93095434
4.000000066666668e-07,0.0001443209698369,0.0,1.3956198471098457e-06,0.0,8.561643835616438e-05,0.0010085728693898,0.000336651757795,0.0,0.0,0.0,0.0,0.0,0.0,0.0,4.0336134453781524e-07,0.0,4.0336134453781524e-07,4.2016806016524267e-07,4e-07,4.0336134453781524e-07,0.0,4.0336134453781524e-07,4.117647024221454e-07,0.0,0.0,0.0,0.0,0.0,0.0,0.0,0.0,0.0,0.0003138567766909,0.0,0.01388888889,0.0,0.0015082956259426,8.561643835616438e-05,0.0009687332977664,0.0,0.0,0.0,0.0,0.0,1.0,0.0,0.0,0.0,0.0,0.0,0.0014029930520313,0.000336651757795,0.0,0.0003138567766909,0.0,0.0,0.0,0.0,0.0,0.0,0.0001443209698369,1.3956198471098457e-06,0.0,0.0,0.0156402587890625,0.0,0.0001668335001668,0.4,0.0,0.0,0.0,0.0,0.0,0.0,0.0,0.0,BENIGN,0.9156235
0.2845072297417871,0.0291528359070572,0.0105295130100232,0.0153347219750812,0.0033582790697674,0.0257705479452054,0.0,0.0364437965748943,0.0324352338410537,0.0918156808803301,0.0,0.1794416168002068,0.0541867913449588,0.0,0.0,0.0009375753008403,0.0036361473626373,0.0212984285714285,2.7731091970906016e-07,0.2841666666666667,0.0014201688991596,0.0042370844460431,0.0212984285714285,7.386554559776853e-06,0.2841666666666667,0.0027854065428571,0.0059373887043701,0.0213048991596638,7.815126050420168e-07,0.0,0.0,0.0,0.0,0.0425275932416174,0.0168866931238357,1.9819844253333333e-06,1.523101332e-06,0.0,0.0457191780821917,0.1826659861392748,0.0766086975709642,0.0058621749729729,0.0,0.0,0.0,1.0,0.0,0.0,0.0,0.0,0.0,0.1769416448993775,0.0364437965748943,0.1794416168002068,0.0425275932416174,0.0,0.0,0.0,0.0,0.0,0.0,0.0291528359070572,0.0153347219750812,0.0105295130100232,0.003363631624594,0.4455718994140625,0.0179290771484375,0.0168501835168501,0.5333333333333333,0.0,0.0,0.0,0.0,0.0,0.0,0.0,0.0,WebAttack,0.9387739
0.9999319666655327,0.7969403954394574,0.5593803786574871,1.0,0.0015537674418604,0.0545376712328767,0.0,0.0873511650774935,0.0289672215289025,0.0229539202200825,0.0,0.0015627642393383,0.0005246668977584,0.0,0.0,9.127679361344536e-05,0.0013714451416361,0.0792619831932773,4.2016806016524265e-08,1.0,0.0001826031763025,0.0018968005431654,0.0792684957983193,4.151260469317139e-06,1.0,0.0001825357386554,0.0020324553110539,0.0792619831932773,4.890756302521008e-06,0.0,0.0,0.0,0.0,0.7223413715541142,0.5594071434356523,1.5342710736666667e-05,2.302240001e-05,0.0,0.0545376712328767,0.1271091364044701,0.0625000296586934,0.0039017825873873,0.0,0.0,0.0,1.0,0.0,0.0,0.0,0.0,0.1428571428571428,0.1227371712216377,0.0873511650774935,0.0015627642393383,0.7223413715541142,0.0,0.0,0.0,0.0,0.0,0.0,0.7969403954394574,1.0,0.5593803786574871,0.0015562438963919,0.1250152587890625,0.0502777099609375,0.9212545879212546,0.3333333333333333,0.00997842,0.0318571382222222,0.01585781,0.00409903,0.0684368697478991,0.0265564671720116,0.0792619831932773,0.057611756302521,Infiltration,0.98243606
0.2000567950009465,0.0049069129744551,0.0035435861091424,0.0046816067771299,9.767441860465116e-06,0.0625,0.0030257186081694,0.0645313326632873,0.0708662464671502,0.0005158184319119,0.0041436464088397,0.0015507883173946,0.0,0.0,0.0,0.0029237382781512,0.0276466388766788,0.1554621848739495,1.6806722406609706e-08,0.2,0.0059333707361344,0.0384900914508393,0.1554621848739495,3.361344509568533e-08,0.2,0.0059332820067226,0.0412608460796915,0.1554621848739495,0.0,1.0,0.0,0.0,0.0,0.004577077993409,0.003543370859318,4.859731150000001e-07,7.289596725e-07,0.004524886877828,0.0625,0.093216702668574,0.0841910608467166,0.0070800216081081,0.0,1.0,0.0,0.0,1.0,0.0,0.0,0.0,0.1428571428571428,0.0912880812521763,0.0645313326632873,0.0015507883173946,0.004577077993409,0.0,0.0,0.0,0.0,0.0,0.0,0.0049069129744551,0.0046816067771299,0.0035435861091424,9.783009586371094e-06,0.00390625,0.0218048095703125,0.0056723390056723,0.3333333333333333,0.04963369,0.0,0.04963369,0.04963369,0.1554621848739495,0.0,0.1554621848739495,0.1554621848739495,Infiltration,0.98161936
